"Jul.Day,""YYYY/MM/DD"",""Wdy"",""EUR/USD"",""GBP/USD"",""CNY/USD"",""INR/USD""\"
"2456476,""2013/07/02"",""Tue"",0.76828,0.65920,6.1328,59.559\"
"2456477,""2013/07/03"",""Wed"",0.76894,0.65519,6.1323,60.235\"
"2456478,""2013/07/04"",""Thu"",0.77415,0.66345,6.1265,60.109\"
"2456479,""2013/07/05"",""Fri"",0.77935,0.67073,6.1335,60.354\"
"2456482,""2013/07/08"",""Mon"",0.77742,0.66971,6.1346,60.782\"
"2456483,""2013/07/09"",""Tue"",0.78284,0.67405,6.1292,60.103\"
"2456484,""2013/07/10"",""Wed"",0.77848,0.66962,6.1324,59.892\"
"2456485,""2013/07/11"",""Thu"",0.76649,0.66117,6.1364,59.844\"
"2456486,""2013/07/12"",""Fri"",0.76648,0.66200,6.1382,59.896\"
"2456489,""2013/07/15"",""Mon"",0.76690,0.66283,6.1361,59.914\"
"2456490,""2013/07/16"",""Tue"",0.76086,0.66132,6.1359,59.292\"
"2456491,""2013/07/17"",""Wed"",0.76374,0.65864,6.1360,59.334\"
"2456492,""2013/07/18"",""Thu"",0.76475,0.65823,6.1406,59.610\"
"2456493,""2013/07/19"",""Fri"",0.76098,0.65539,6.1392,59.387\"
"2456496,""2013/07/22"",""Mon"",0.75801,0.65086,6.1420,59.717\"
"2456497,""2013/07/23"",""Tue"",0.75692,0.65133,6.1370,59.630\"
"2456498,""2013/07/24"",""Wed"",0.75598,0.65082,6.1371,59.150\"
"2456499,""2013/07/25"",""Thu"",0.75560,0.65223,6.1354,59.030\"
"2456500,""2013/07/26"",""Fri"",0.75359,0.65075,6.1329,59.076\"
"2456503,""2013/07/29"",""Mon"",0.75404,0.65124,6.1333,59.346\"
"2456504,""2013/07/30"",""Tue"",0.75379,0.65602,6.1304,60.762\"
"2456505,""2013/07/31"",""Wed"",0.75225,0.65866,6.1305,60.798\"
"2456506,""2013/08/01"",""Thu"",0.75664,0.66036,6.1317,60.456\"
"2456507,""2013/08/02"",""Fri"",0.75363,0.65452,6.1287,61.107\"
"2456511,""2013/08/06"",""Tue"",0.75221,0.65080,6.1233,60.803\"
"2456512,""2013/08/07"",""Wed"",0.75038,0.64471,6.1199,61.199\"
"2456513,""2013/08/08"",""Thu"",0.74677,0.64285,6.1231,60.728\"
"2456514,""2013/08/09"",""Fri"",0.74969,0.64495,6.1218,60.677\"
"2456517,""2013/08/12"",""Mon"",0.75117,0.64623,6.1219,61.146\"
"2456518,""2013/08/13"",""Tue"",0.75489,0.64725,6.1213,61.322\"
"2456519,""2013/08/14"",""Wed"",0.75442,0.64392,6.1186,61.295\"
"2456520,""2013/08/15"",""Thu"",0.75397,0.64220,6.1111,61.438\"
"2456521,""2013/08/16"",""Fri"",0.75067,0.64024,6.1141,61.651\"
"2456524,""2013/08/19"",""Mon"",0.74917,0.63841,6.1220,63.128\"
"2456525,""2013/08/20"",""Tue"",0.74492,0.63789,6.1251,63.268\"
"2456526,""2013/08/21"",""Wed"",0.74807,0.63790,6.1249,64.107\"
"2456527,""2013/08/22"",""Thu"",0.74845,0.64188,6.1223,64.570\"
"2456528,""2013/08/23"",""Fri"",0.74675,0.64198,6.1205,63.229\"
"2456531,""2013/08/26"",""Mon"",0.74806,0.64239,6.1199,64.266\"
"2456532,""2013/08/27"",""Tue"",0.74701,0.64404,6.1206,66.265\"
"2456533,""2013/08/28"",""Wed"",0.75030,0.64435,6.1202,68.787\"
"2456534,""2013/08/29"",""Thu"",0.75607,0.64569,6.1198,66.536\"
"2456535,""2013/08/30"",""Fri"",0.75779,0.64655,6.1212,65.710\"
"2456539,""2013/09/03"",""Tue"",0.75968,0.64335,6.1203,67.649\"
"2456540,""2013/09/04"",""Wed"",0.75688,0.63930,6.1191,67.063\"
"2456541,""2013/09/05"",""Thu"",0.76225,0.64134,6.1189,65.996\"
"2456542,""2013/09/06"",""Fri"",0.75956,0.63970,6.1190,65.264\"
"2456545,""2013/09/09"",""Mon"",0.75422,0.63603,6.1192,65.236\"
"2456546,""2013/09/10"",""Tue"",0.75411,0.63571,6.1212,63.853\"
"2456547,""2013/09/11"",""Wed"",0.75189,0.63266,6.1202,63.262\"
"2456548,""2013/09/12"",""Thu"",0.75109,0.63224,6.1174,63.430\"
"2456549,""2013/09/13"",""Fri"",0.75328,0.63051,6.1189,63.364\"
"2456552,""2013/09/16"",""Mon"",0.74911,0.62791,6.1186,62.826\"
"2456553,""2013/09/17"",""Tue"",0.74871,0.62892,6.1220,63.368\"
"2456554,""2013/09/18"",""Wed"",0.74904,0.62641,6.1199,63.380\"
"2456555,""2013/09/19"",""Thu"",0.73929,0.62337,6.1226,61.780\"
"2456556,""2013/09/20"",""Fri"",0.73949,0.62417,6.1196,62.232\"
"2456559,""2013/09/23"",""Mon"",0.74117,0.62355,6.1208,62.587\"
"2456560,""2013/09/24"",""Tue"",0.74134,0.62481,6.1207,62.774\"
"2456561,""2013/09/25"",""Wed"",0.73884,0.62194,6.1207,62.432\"
"2456562,""2013/09/26"",""Thu"",0.74161,0.62457,6.1216,62.063\"
"2456563,""2013/09/27"",""Fri"",0.73872,0.61981,6.1200,62.500\"
"2456566,""2013/09/30"",""Mon"",0.73886,0.61813,6.1220,62.599\"
"2456567,""2013/10/01"",""Tue"",0.73886,0.61701,6.1214,62.473\"
"2456568,""2013/10/02"",""Wed"",0.73574,0.61643,6.1209,62.467\"
"2456569,""2013/10/03"",""Thu"",0.73306,0.61855,6.1228,61.740\"
"2456570,""2013/10/04"",""Fri"",0.73620,0.62234,6.1199,61.418\"
"2456573,""2013/10/07"",""Mon"",0.73698,0.62185,6.1199,61.787\"
"2456574,""2013/10/08"",""Tue"",0.73630,0.62153,6.1203,61.788\"
"2456575,""2013/10/09"",""Wed"",0.74011,0.62723,6.1195,61.961\"
"2456576,""2013/10/10"",""Thu"",0.73885,0.62601,6.1148,61.293\"
"2456577,""2013/10/11"",""Fri"",0.73752,0.62719,6.1196,61.088\"
"2456581,""2013/10/15"",""Tue"",0.74105,0.62604,6.1042,61.843\"
"2456582,""2013/10/16"",""Wed"",0.74136,0.62880,6.0996,61.724\"
"2456583,""2013/10/17"",""Thu"",0.73192,0.61861,6.0966,61.147\"
"2456584,""2013/10/18"",""Fri"",0.73030,0.61795,6.0978,61.269\"
"2456587,""2013/10/21"",""Mon"",0.73148,0.61926,6.0929,61.585\"
"2456588,""2013/10/22"",""Tue"",0.72586,0.61651,6.0924,61.655\"
"2456589,""2013/10/23"",""Wed"",0.72541,0.61852,6.0838,61.559\"
"2456590,""2013/10/24"",""Thu"",0.72410,0.61786,6.0805,61.487\"
"2456591,""2013/10/25"",""Fri"",0.72494,0.61893,6.0827,61.398\"
"2456594,""2013/10/28"",""Mon"",0.72545,0.61995,6.0868,61.550\"
"2456595,""2013/10/29"",""Tue"",0.72620,0.62273,6.0904,61.369\"
"2456596,""2013/10/30"",""Wed"",0.72621,0.62197,6.0932,61.110\"
"2456597,""2013/10/31"",""Thu"",0.73563,0.62244,6.0953,61.637\"
"2456598,""2013/11/01"",""Fri"",0.74148,0.62811,6.0999,61.756\"
"2456601,""2013/11/04"",""Mon"",0.73991,0.62703,6.0978,61.737\"
"2456602,""2013/11/05"",""Tue"",0.74247,0.62332,6.0957,61.786\"
"2456603,""2013/11/06"",""Wed"",0.73915,0.62196,6.0930,62.464\"
"2456604,""2013/11/07"",""Thu"",0.74682,0.62236,6.0922,62.415\"
"2456605,""2013/11/08"",""Fri"",0.74870,0.62527,6.0900,62.497\"
"2456609,""2013/11/12"",""Tue"",0.74472,0.62834,6.0916,63.726\"
"2456610,""2013/11/13"",""Wed"",0.74315,0.62376,6.0931,63.289\"
"2456611,""2013/11/14"",""Thu"",0.74252,0.62204,6.0923,63.121\"
"2456612,""2013/11/15"",""Fri"",0.74186,0.62084,6.0909,62.962\"
"2456615,""2013/11/18"",""Mon"",0.73971,0.62076,6.0905,62.400\"
"2456616,""2013/11/19"",""Tue"",0.73923,0.62076,6.0920,62.261\"
"2456617,""2013/11/20"",""Wed"",0.74342,0.61926,6.0939,62.582\"
"2456618,""2013/11/21"",""Thu"",0.74237,0.61906,6.0940,62.948\"
"2456619,""2013/11/22"",""Fri"",0.73816,0.61691,6.0931,62.746\"
"2456622,""2013/11/25"",""Mon"",0.74063,0.61940,6.0935,62.376\"
"2456623,""2013/11/26"",""Tue"",0.73781,0.61790,6.0930,62.482\"
"2456624,""2013/11/27"",""Wed"",0.73730,0.61474,6.0926,62.287\"
"2456625,""2013/11/28"",""Thu"",0.73532,0.61192,6.0914,62.275\"
"2456626,""2013/11/29"",""Fri"",0.73507,0.61082,6.0949,62.384\"
"2456629,""2013/12/02"",""Mon"",0.73796,0.61104,6.0940,62.296\"
"2456630,""2013/12/03"",""Tue"",0.73506,0.60919,6.0926,62.387\"
"2456631,""2013/12/04"",""Wed"",0.73776,0.61155,6.0911,61.898\"
"2456632,""2013/12/05"",""Thu"",0.73184,0.61247,6.0928,61.634\"
"2456633,""2013/12/06"",""Fri"",0.73049,0.61250,6.0827,61.423\"
"2456636,""2013/12/09"",""Mon"",0.72859,0.60966,6.0736,61.120\"
"2456637,""2013/12/10"",""Tue"",0.72646,0.60891,6.0703,61.052\"
"2456638,""2013/12/11"",""Wed"",0.72482,0.61016,6.0716,61.383\"
"2456639,""2013/12/12"",""Thu"",0.72714,0.61254,6.0702,61.866\"
"2456640,""2013/12/13"",""Fri"",0.72868,0.61381,6.0716,62.177\"
"2456643,""2013/12/16"",""Mon"",0.72689,0.61312,6.0718,61.638\"
"2456644,""2013/12/17"",""Tue"",0.72736,0.61529,6.0698,61.938\"
"2456645,""2013/12/18"",""Wed"",0.72647,0.61024,6.0725,62.034\"
"2456646,""2013/12/19"",""Thu"",0.73173,0.61048,6.0728,62.142\"
"2456647,""2013/12/20"",""Fri"",0.73136,0.61144,6.0716,62.021\"
"2456650,""2013/12/23"",""Mon"",0.72993,0.61144,6.0693,61.825\"
"2456651,""2013/12/24"",""Tue"",0.73124,0.61088,6.0715,61.738\"
"2456654,""2013/12/27"",""Fri"",0.72650,0.60644,6.0675,61.940\"
"2456657,""2013/12/30"",""Mon"",0.72386,0.60534,6.0627,61.789\"
"2456658,""2013/12/31"",""Tue"",0.72576,0.60339,6.0535,61.945\"
"2456660,""2014/01/02"",""Thu"",0.73154,0.60830,6.0518,62.327\"
"2456661,""2014/01/03"",""Fri"",0.73504,0.60888,6.0513,62.179\"
"2456664,""2014/01/06"",""Mon"",0.73338,0.60940,6.0528,62.297\"
"2456665,""2014/01/07"",""Tue"",0.73440,0.60903,6.0518,62.309\"
"2456666,""2014/01/08"",""Wed"",0.73607,0.60755,6.0527,62.092\"
"2456667,""2014/01/09"",""Thu"",0.73581,0.60759,6.0552,62.077\"
"2456668,""2014/01/10"",""Fri"",0.73195,0.60717,6.0516,61.923\"
"2456671,""2014/01/13"",""Mon"",0.73281,0.61058,6.0417,61.511\"
"2456672,""2014/01/14"",""Tue"",0.73093,0.60795,6.0409,61.496\"
"2456673,""2014/01/15"",""Wed"",0.73509,0.61071,6.0470,61.560\"
"2456674,""2014/01/16"",""Thu"",0.73531,0.61213,6.0565,61.555\"
"2456675,""2014/01/17"",""Fri"",0.73782,0.60871,6.0491,61.544\"
"2456678,""2014/01/20"",""Mon"",0.73734,0.60900,6.0530,61.619\"
"2456679,""2014/01/21"",""Tue"",0.73746,0.60719,6.0518,61.884\"
"2456680,""2014/01/22"",""Wed"",0.73823,0.60354,6.0519,61.803\"
"2456681,""2014/01/23"",""Thu"",0.73103,0.60201,6.0522,61.937\"
"2456682,""2014/01/24"",""Fri"",0.73103,0.60640,6.0481,62.710\"
"2456685,""2014/01/27"",""Mon"",0.73109,0.60289,6.0480,63.093\"
"2456686,""2014/01/28"",""Tue"",0.73202,0.60315,6.0521,62.524\"
"2456687,""2014/01/29"",""Wed"",0.73198,0.60387,6.0554,62.489\"
"2456688,""2014/01/30"",""Thu"",0.73804,0.60656,6.0613,62.548\"
"2456689,""2014/01/31"",""Fri"",0.74072,0.60793,6.0594,62.678\"
"2456692,""2014/02/03"",""Mon"",0.73948,0.61325,6.0624,62.576\"
"2456693,""2014/02/04"",""Tue"",0.74041,0.61352,6.0609,62.528\"
"2456694,""2014/02/05"",""Wed"",0.73972,0.61325,6.0595,62.541\"
"2456695,""2014/02/06"",""Thu"",0.73514,0.61185,6.0602,62.379\"
"2456696,""2014/02/07"",""Fri"",0.73458,0.61001,6.0638,62.284\"
"2456699,""2014/02/10"",""Mon"",0.73297,0.60911,6.0603,62.453\"
"2456700,""2014/02/11"",""Tue"",0.73246,0.60730,6.0610,62.218\"
"2456701,""2014/02/12"",""Wed"",0.73571,0.60325,6.0634,62.107\"
"2456702,""2014/02/13"",""Thu"",0.73156,0.60089,6.0629,62.422\"
"2456703,""2014/02/14"",""Fri"",0.73051,0.59754,6.0668,61.935\"
"2456707,""2014/02/18"",""Tue"",0.72686,0.59898,6.0681,62.198\"
"2456708,""2014/02/19"",""Wed"",0.72669,0.59822,6.0754,62.225\"
"2456709,""2014/02/20"",""Thu"",0.73048,0.60100,6.0844,62.242\"
"2456710,""2014/02/21"",""Fri"",0.72875,0.60135,6.0909,62.133\"
"2456713,""2014/02/24"",""Mon"",0.72760,0.60095,6.0993,62.089\"
"2456714,""2014/02/25"",""Tue"",0.72734,0.59894,6.1238,61.991\"
"2456715,""2014/02/26"",""Wed"",0.73162,0.60072,6.1251,62.002\"
"2456716,""2014/02/27"",""Thu"",0.72863,0.59912,6.1276,61.992\"
"2456717,""2014/02/28"",""Fri"",0.72433,0.59704,6.1459,61.768\"
"2456720,""2014/03/03"",""Mon"",0.72658,0.59840,6.1452,62.036\"
"2456721,""2014/03/04"",""Tue"",0.72826,0.60014,6.1437,61.882\"
"2456722,""2014/03/05"",""Wed"",0.72814,0.59780,6.1292,61.772\"
"2456723,""2014/03/06"",""Thu"",0.72211,0.59731,6.1194,61.126\"
"2456724,""2014/03/07"",""Fri"",0.72110,0.59795,6.1265,61.096\"
"2456727,""2014/03/10"",""Mon"",0.72050,0.60121,6.1388,60.849\"
"2456728,""2014/03/11"",""Tue"",0.72112,0.60143,6.1413,60.940\"
"2456729,""2014/03/12"",""Wed"",0.71921,0.60222,6.1435,61.232\"
"2456730,""2014/03/13"",""Thu"",0.71808,0.59965,6.1360,61.190\"
"2456731,""2014/03/14"",""Fri"",0.71816,0.60138,6.1492,61.187\"
"2456734,""2014/03/17"",""Mon"",0.71803,0.60082,6.1777,61.095\"
"2456735,""2014/03/18"",""Tue"",0.71875,0.60339,6.1933,61.114\"
"2456736,""2014/03/19"",""Wed"",0.71895,0.60141,6.1968,60.954\"
"2456737,""2014/03/20"",""Thu"",0.72554,0.60571,6.2263,61.347\"
"2456738,""2014/03/21"",""Fri"",0.72566,0.60629,6.2258,60.903\"
"2456741,""2014/03/24"",""Mon"",0.72555,0.60645,6.1972,60.764\"
"2456742,""2014/03/25"",""Tue"",0.72586,0.60584,6.2020,60.476\"
"2456743,""2014/03/26"",""Wed"",0.72536,0.60370,6.2078,60.135\"
"2456744,""2014/03/27"",""Thu"",0.72787,0.60200,6.2118,60.322\"
"2456745,""2014/03/28"",""Fri"",0.72718,0.60111,6.2122,59.903\"
"2456748,""2014/03/31"",""Mon"",0.72588,0.59973,6.2165,60.005\"
"2456749,""2014/04/01"",""Tue"",0.72446,0.60102,6.2054,60.027\"
"2456750,""2014/04/02"",""Wed"",0.72668,0.60121,6.2042,59.919\"
"2456751,""2014/04/03"",""Thu"",0.72959,0.60307,6.2099,60.169\"
"2456752,""2014/04/04"",""Fri"",0.72977,0.60266,6.2128,60.088\"
"2456755,""2014/04/07"",""Mon"",0.72752,0.60188,6.2123,60.115\"
"2456756,""2014/04/08"",""Tue"",0.72451,0.59726,6.1951,60.077\"
"2456757,""2014/04/09"",""Wed"",0.72378,0.59697,6.2019,60.138\"
"2456758,""2014/04/10"",""Thu"",0.71988,0.59593,6.2141,60.088\"
"2456759,""2014/04/11"",""Fri"",0.71954,0.59754,6.2096,60.187\"
"2456762,""2014/04/14"",""Mon"",0.72338,0.59736,6.2188,60.175\"
"2456763,""2014/04/15"",""Tue"",0.72429,0.59793,6.2215,60.236\"
"2456764,""2014/04/16"",""Wed"",0.72357,0.59550,6.2200,60.361\"
"2456765,""2014/04/17"",""Thu"",0.72303,0.59497,6.2206,60.296\"
"2456769,""2014/04/21"",""Mon"",0.72521,0.59554,6.2266,60.588\"
"2456770,""2014/04/22"",""Tue"",0.72444,0.59411,6.2364,60.749\"
"2456771,""2014/04/23"",""Wed"",0.72388,0.59642,6.2363,61.085\"
"2456772,""2014/04/24"",""Thu"",0.72322,0.59538,6.2476,61.125\"
"2456773,""2014/04/25"",""Fri"",0.72264,0.59494,6.2525,60.637\"
"2456776,""2014/04/28"",""Mon"",0.72234,0.59484,6.2545,60.654\"
"2456777,""2014/04/29"",""Tue"",0.72425,0.59423,6.2574,60.436\"
"2456778,""2014/04/30"",""Wed"",0.72104,0.59233,6.2576,60.303\"
"2456779,""2014/05/01"",""Thu"",0.72114,0.59171,6.2586,60.280\"
"2456780,""2014/05/02"",""Fri"",0.72129,0.59297,6.2596,60.159\"
"2456783,""2014/05/05"",""Mon"",0.72025,0.59277,6.2457,60.225\"
"2456784,""2014/05/06"",""Tue"",0.71820,0.58909,6.2264,60.000\"
"2456785,""2014/05/07"",""Wed"",0.71854,0.58951,6.2334,60.033\"
"2456786,""2014/05/08"",""Thu"",0.72127,0.59017,6.2295,59.890\"
"2456787,""2014/05/09"",""Fri"",0.72662,0.59355,6.2286,59.890\"
"2456790,""2014/05/12"",""Mon"",0.72682,0.59278,6.2390,60.050\"
"2456791,""2014/05/13"",""Tue"",0.72939,0.59389,6.2276,59.454\"
"2456792,""2014/05/14"",""Wed"",0.72896,0.59583,6.2283,59.492\"
"2456793,""2014/05/15"",""Thu"",0.72930,0.59557,6.2318,59.394\"
"2456794,""2014/05/16"",""Fri"",0.72955,0.59429,6.2325,58.631\"
"2456798,""2014/05/20"",""Tue"",0.72990,0.59361,6.2398,58.576\"
"2456799,""2014/05/21"",""Wed"",0.73228,0.59280,6.2332,58.685\"
"2456800,""2014/05/22"",""Thu"",0.73249,0.59319,6.2345,58.309\"
"2456801,""2014/05/23"",""Fri"",0.73382,0.59444,6.2364,58.535\"
"2456804,""2014/05/26"",""Mon"",0.73269,0.59370,6.2379,58.702\"
"2456805,""2014/05/27"",""Tue"",0.73434,0.59527,6.2501,59.039\"
"2456806,""2014/05/28"",""Wed"",0.73560,0.59857,6.2526,58.932\"
"2456807,""2014/05/29"",""Thu"",0.73486,0.59817,6.2389,58.929\"
"2456808,""2014/05/30"",""Fri"",0.73317,0.59653,6.2490,59.156\"
"2456811,""2014/06/02"",""Mon"",0.73501,0.59682,6.2471,59.148\"
"2456812,""2014/06/03"",""Tue"",0.73398,0.59694,6.2550,59.353\"
"2456813,""2014/06/04"",""Wed"",0.73427,0.59716,6.2497,59.343\"
"2456814,""2014/06/05"",""Thu"",0.73427,0.59540,6.2551,59.263\"
"2456815,""2014/06/06"",""Fri"",0.73317,0.59548,6.2491,59.178\"
"2456818,""2014/06/09"",""Mon"",0.73587,0.59533,6.2414,59.197\"
"2456819,""2014/06/10"",""Tue"",0.73845,0.59694,6.2229,59.192\"
"2456820,""2014/06/11"",""Wed"",0.73870,0.59516,6.2239,59.188\"
"2456821,""2014/06/12"",""Thu"",0.73771,0.59340,6.2183,59.198\"
"2456822,""2014/06/13"",""Fri"",0.73952,0.58992,6.2103,59.649\"
"2456825,""2014/06/16"",""Mon"",0.73654,0.58865,6.2285,60.144\"
"2456826,""2014/06/17"",""Tue"",0.73843,0.58949,6.2260,60.356\"
"2456827,""2014/06/18"",""Wed"",0.73710,0.58996,6.2328,60.288\"
"2456828,""2014/06/19"",""Thu"",0.73425,0.58669,6.2301,60.089\"
"2456829,""2014/06/20"",""Fri"",0.73609,0.58779,6.2231,60.246\"
"2456832,""2014/06/23"",""Mon"",0.73571,0.58790,6.2245,60.151\"
"2456833,""2014/06/24"",""Tue"",0.73592,0.58927,6.2297,60.168\"
"2456834,""2014/06/25"",""Wed"",0.73331,0.58871,6.2331,60.129\"
"2456835,""2014/06/26"",""Thu"",0.73477,0.58765,6.2250,60.186\"
"2456836,""2014/06/27"",""Fri"",0.73365,0.58769,6.2178,60.045\"
"2456839,""2014/06/30"",""Mon"",0.73048,0.58463,6.2034,60.079\"
"2456841,""2014/07/02"",""Wed"",0.73227,0.58261,6.2090,59.692\"
"2456842,""2014/07/03"",""Thu"",0.73480,0.58307,6.2114,59.742\"
"2456843,""2014/07/04"",""Fri"",0.73535,0.58270,6.2035,59.736\"
"2456846,""2014/07/07"",""Mon"",0.73511,0.58387,6.2025,60.034\"
"2456847,""2014/07/08"",""Tue"",0.73452,0.58392,6.2022,59.798\"
"2456848,""2014/07/09"",""Wed"",0.73367,0.58382,6.2027,59.798\"
"2456849,""2014/07/10"",""Thu"",0.73529,0.58406,6.2037,60.181\"
"2456850,""2014/07/11"",""Fri"",0.73540,0.58451,6.2037,60.090\"
"2456853,""2014/07/14"",""Mon"",0.73423,0.58555,6.2049,60.135\"
"2456854,""2014/07/15"",""Tue"",0.73674,0.58314,6.2088,60.112\"
"2456855,""2014/07/16"",""Wed"",0.73914,0.58376,6.2031,60.123\"
"2456856,""2014/07/17"",""Thu"",0.73919,0.58469,6.2048,60.173\"
"2456857,""2014/07/18"",""Fri"",0.73997,0.58589,6.2064,60.286\"
"2456860,""2014/07/21"",""Mon"",0.73951,0.58595,6.2099,60.252\"
"2456861,""2014/07/22"",""Tue"",0.74247,0.58623,6.2038,60.162\"
"2456862,""2014/07/23"",""Wed"",0.74291,0.58704,6.1979,60.006\"
"2456863,""2014/07/24"",""Thu"",0.74252,0.58893,6.1949,60.146\"
"2456864,""2014/07/25"",""Fri"",0.74456,0.58922,6.1900,60.044\"
"2456867,""2014/07/28"",""Mon"",0.74402,0.58858,6.1861,60.139\"
"2456868,""2014/07/29"",""Tue"",0.74572,0.59040,6.1794,60.116\"
"2456869,""2014/07/30"",""Wed"",0.74750,0.59166,6.1703,60.072\"
"2456870,""2014/07/31"",""Thu"",0.74686,0.59214,6.1735,60.567\"
"2456871,""2014/08/01"",""Fri"",0.74431,0.59413,6.1794,61.205\"
"2456875,""2014/08/05"",""Tue"",0.74824,0.59268,6.1699,60.843\"
"2456876,""2014/08/06"",""Wed"",0.74882,0.59409,6.1624,61.486\"
"2456877,""2014/08/07"",""Thu"",0.74839,0.59356,6.1637,61.222\"
"2456878,""2014/08/08"",""Fri"",0.74560,0.59604,6.1558,61.147\"
"2456881,""2014/08/11"",""Mon"",0.74713,0.59575,6.1536,61.192\"
"2456882,""2014/08/12"",""Tue"",0.74861,0.59504,6.1587,61.071\"
"2456883,""2014/08/13"",""Wed"",0.74815,0.59898,6.1537,61.227\"
"2456884,""2014/08/14"",""Thu"",0.74764,0.59904,6.1540,60.752\"
"2456885,""2014/08/15"",""Fri"",0.74675,0.59932,6.1465,60.780\"
"2456888,""2014/08/18"",""Mon"",0.74859,0.59810,6.1416,60.765\"
"2456889,""2014/08/19"",""Tue"",0.75077,0.60165,6.1399,60.683\"
"2456890,""2014/08/20"",""Wed"",0.75279,0.60122,6.1414,60.632\"
"2456891,""2014/08/21"",""Thu"",0.75275,0.60283,6.1506,60.687\"
"2456892,""2014/08/22"",""Fri"",0.75543,0.60341,6.1517,60.464\"
"2456895,""2014/08/25"",""Mon"",0.75729,0.60300,6.1547,60.563\"
"2456896,""2014/08/26"",""Tue"",0.75817,0.60353,6.1522,60.436\"
"2456897,""2014/08/27"",""Wed"",0.75811,0.60341,6.1427,60.438\"
"2456898,""2014/08/28"",""Thu"",0.75886,0.60320,6.1443,60.485\"
"2456899,""2014/08/29"",""Fri"",0.76047,0.60299,6.1449,60.524\"
"2456903,""2014/09/02"",""Tue"",0.76196,0.60603,6.1480,60.694\"
"2456904,""2014/09/03"",""Wed"",0.76131,0.60787,6.1395,60.506\"
"2456905,""2014/09/04"",""Thu"",0.77361,0.61169,6.1373,60.350\"
"2456906,""2014/09/05"",""Fri"",0.77185,0.61304,6.1421,60.399\"
"2456909,""2014/09/08"",""Mon"",0.77232,0.61957,6.1421,60.270\"
"2456910,""2014/09/09"",""Tue"",0.77467,0.62162,6.1348,60.605\"
"2456911,""2014/09/10"",""Wed"",0.77475,0.61984,6.1304,60.929\"
"2456912,""2014/09/11"",""Thu"",0.77304,0.61638,6.1289,60.917\"
"2456913,""2014/09/12"",""Fri"",0.77195,0.61567,6.1363,60.657\"
"2456916,""2014/09/15"",""Mon"",0.77220,0.61569,6.1429,61.055\"
"2456917,""2014/09/16"",""Tue"",0.77058,0.61459,6.1465,61.056\"
"2456918,""2014/09/17"",""Wed"",0.77170,0.61239,6.1390,60.912\"
"2456919,""2014/09/18"",""Thu"",0.77439,0.61086,6.1391,60.744\"
"2456920,""2014/09/19"",""Fri"",0.77910,0.61300,6.1417,60.804\"
"2456923,""2014/09/22"",""Mon"",0.77949,0.61203,6.1394,60.952\"
"2456924,""2014/09/23"",""Tue"",0.77772,0.61091,6.1376,61.071\"
"2456925,""2014/09/24"",""Wed"",0.78203,0.61190,6.1372,60.934\"
"2456926,""2014/09/25"",""Thu"",0.78443,0.61305,6.1359,61.325\"
"2456927,""2014/09/26"",""Fri"",0.78831,0.61527,6.1273,61.139\"
"2456930,""2014/09/29"",""Mon"",0.78713,0.61473,6.1507,61.575\"
"2456931,""2014/09/30"",""Tue"",0.79192,0.61657,6.1380,61.957\"
"2456932,""2014/10/01"",""Wed"",0.79261,0.61674,6.1379,61.718\"
"2456933,""2014/10/02"",""Thu"",0.78928,0.61960,6.1370,61.540\"
"2456934,""2014/10/03"",""Fri"",0.79898,0.62655,6.1374,61.542\"
"2456937,""2014/10/06"",""Mon"",0.79413,0.62392,6.1401,61.536\"
"2456938,""2014/10/07"",""Tue"",0.79204,0.62222,6.1406,61.305\"
"2456939,""2014/10/08"",""Wed"",0.78846,0.62243,6.1406,61.406\"
"2456940,""2014/10/09"",""Thu"",0.78847,0.62028,6.1292,60.924\"
"2456941,""2014/10/10"",""Fri"",0.79146,0.62316,6.1311,61.277\"
"2456945,""2014/10/14"",""Tue"",0.78988,0.62778,6.1265,61.399\"
"2456946,""2014/10/15"",""Wed"",0.78255,0.62657,6.1253,61.387\"
"2456947,""2014/10/16"",""Thu"",0.78057,0.62250,6.1228,61.833\"
"2456948,""2014/10/17"",""Fri"",0.78405,0.62171,6.1230,61.464\"
"2456951,""2014/10/20"",""Mon"",0.78231,0.61972,6.1221,61.221\"
"2456952,""2014/10/21"",""Tue"",0.78592,0.61983,6.1206,61.139\"
"2456953,""2014/10/22"",""Wed"",0.79002,0.62234,6.1172,61.206\"
"2456954,""2014/10/23"",""Thu"",0.79006,0.62359,6.1204,61.170\"
"2456955,""2014/10/24"",""Fri"",0.78898,0.62122,6.1173,61.173\"
"2456958,""2014/10/27"",""Mon"",0.78667,0.61984,6.1158,61.292\"
"2456959,""2014/10/28"",""Tue"",0.78448,0.61894,6.1149,61.182\"
"2456960,""2014/10/29"",""Wed"",0.78362,0.61922,6.1120,61.220\"
"2456961,""2014/10/30"",""Thu"",0.79231,0.62412,6.1131,61.432\"
"2456962,""2014/10/31"",""Fri"",0.79812,0.62507,6.1111,61.444\"
"2456965,""2014/11/03"",""Mon"",0.80085,0.62559,6.1189,61.388\"
"2456966,""2014/11/04"",""Tue"",0.79660,0.62538,6.1143,61.406\"
"2456967,""2014/11/05"",""Wed"",0.80075,0.62566,6.1134,61.497\"
"2456968,""2014/11/06"",""Thu"",0.80570,0.63046,6.1124,61.452\"
"2456969,""2014/11/07"",""Fri"",0.80505,0.63118,6.1240,61.505\"
"2456972,""2014/11/10"",""Mon"",0.80478,0.63066,6.1192,61.524\"
"2456974,""2014/11/12"",""Wed"",0.80285,0.63230,6.1259,61.426\"
"2456975,""2014/11/13"",""Thu"",0.80150,0.63628,6.1252,61.551\"
"2456976,""2014/11/14"",""Fri"",0.80042,0.63876,6.1281,61.716\"
"2456979,""2014/11/17"",""Mon"",0.80347,0.63919,6.1257,61.826\"
"2456980,""2014/11/18"",""Tue"",0.79787,0.63910,6.1207,61.709\"
"2456981,""2014/11/19"",""Wed"",0.79694,0.63821,6.1186,61.988\"
"2456982,""2014/11/20"",""Thu"",0.79842,0.63769,6.1245,61.916\"
"2456983,""2014/11/21"",""Fri"",0.80692,0.63812,6.1242,61.781\"
"2456986,""2014/11/24"",""Mon"",0.80471,0.63697,6.1415,61.853\"
"2456987,""2014/11/25"",""Tue"",0.80184,0.63639,6.1368,61.908\"
"2456988,""2014/11/26"",""Wed"",0.79983,0.63348,6.1399,61.804\"
"2456989,""2014/11/27"",""Thu"",0.80154,0.63586,6.1392,61.861\"
"2456990,""2014/11/28"",""Fri"",0.80398,0.63945,6.1435,62.205\"
"2456993,""2014/12/01"",""Mon"",0.80068,0.63523,6.1518,61.955\"
"2456994,""2014/12/02"",""Tue"",0.80708,0.63894,6.1489,61.822\"
"2456995,""2014/12/03"",""Wed"",0.81276,0.63699,6.1505,61.874\"
"2456996,""2014/12/04"",""Thu"",0.80443,0.63672,6.1542,61.776\"
"2456997,""2014/12/05"",""Fri"",0.81279,0.64106,6.1513,61.913\"
"2457000,""2014/12/08"",""Mon"",0.81362,0.64004,6.1744,61.810\"
"2457001,""2014/12/09"",""Tue"",0.80550,0.63718,6.1874,61.874\"
"2457002,""2014/12/10"",""Wed"",0.80485,0.63739,6.1764,62.098\"
"2457003,""2014/12/11"",""Thu"",0.80664,0.63648,6.1883,62.486\"
"2457004,""2014/12/12"",""Fri"",0.80111,0.63585,6.1877,62.514\"
"2457007,""2014/12/15"",""Mon"",0.80201,0.63852,6.1895,63.172\"
"2457008,""2014/12/16"",""Tue"",0.79985,0.63559,6.1901,63.664\"
"2457009,""2014/12/17"",""Wed"",0.80600,0.63889,6.1955,63.512\"
"2457010,""2014/12/18"",""Thu"",0.81356,0.63854,6.2133,62.977\"
"2457011,""2014/12/19"",""Fri"",0.81745,0.64075,6.2187,63.235\"
"2457014,""2014/12/22"",""Mon"",0.81625,0.64032,6.2229,63.243\"
"2457015,""2014/12/23"",""Tue"",0.82100,0.64451,6.2243,63.397\"
"2457016,""2014/12/24"",""Wed"",0.82049,0.64319,6.2255,63.410\"
"2457021,""2014/12/29"",""Mon"",0.82112,0.64422,6.2236,63.667\"
"2457022,""2014/12/30"",""Tue"",0.82146,0.64221,6.2226,63.661\"
"2457023,""2014/12/31"",""Wed"",0.82640,0.64197,6.2071,63.049\"
"2457025,""2015/01/02"",""Fri"",0.83242,0.65101,6.2053,63.292\"
"2457028,""2015/01/05"",""Mon"",0.83905,0.65644,6.2200,63.337\"
"2457029,""2015/01/06"",""Tue"",0.83782,0.65896,6.2126,63.565\"
"2457030,""2015/01/07"",""Wed"",0.84602,0.66344,6.2145,63.273\"
"2457031,""2015/01/08"",""Thu"",0.84674,0.66151,6.2136,62.663\"
"2457032,""2015/01/09"",""Fri"",0.84536,0.66004,6.2078,62.340\"
"2457035,""2015/01/12"",""Mon"",0.84520,0.65933,6.2039,62.071\"
"2457036,""2015/01/13"",""Tue"",0.84906,0.65942,6.1971,61.971\"
"2457037,""2015/01/14"",""Wed"",0.84700,0.65649,6.1959,62.087\"
"2457038,""2015/01/15"",""Thu"",0.86239,0.65959,6.1888,62.049\"
"2457039,""2015/01/16"",""Fri"",0.86830,0.66090,6.2071,61.879\"
"2457042,""2015/01/19"",""Mon"",0.86043,0.66078,6.2193,61.649\"
"2457043,""2015/01/20"",""Tue"",0.86519,0.65963,6.2134,61.658\"
"2457044,""2015/01/21"",""Wed"",0.86332,0.66153,6.2118,61.562\"
"2457045,""2015/01/22"",""Thu"",0.87619,0.66439,6.2072,61.609\"
"2457046,""2015/01/23"",""Fri"",0.88662,0.66572,6.2295,61.492\"
"2457049,""2015/01/26"",""Mon"",0.88580,0.66277,6.2555,61.471\"
"2457050,""2015/01/27"",""Tue"",0.87959,0.65814,6.2426,61.345\"
"2457051,""2015/01/28"",""Wed"",0.88174,0.65945,6.2474,61.365\"
"2457052,""2015/01/29"",""Thu"",0.88432,0.66481,6.2470,61.950\"
"2457053,""2015/01/30"",""Fri"",0.88577,0.66550,6.2491,62.004\"
"2457056,""2015/02/02"",""Mon"",0.88217,0.66550,6.2608,61.687\"
"2457057,""2015/02/03"",""Tue"",0.87251,0.66101,6.2593,61.633\"
"2457058,""2015/02/04"",""Wed"",0.87585,0.65755,6.2469,61.731\"
"2457059,""2015/02/05"",""Thu"",0.87473,0.65393,6.2516,61.678\"
"2457060,""2015/02/06"",""Fri"",0.88258,0.65596,6.2428,61.995\"
"2457063,""2015/02/09"",""Mon"",0.88371,0.65720,6.2459,62.116\"
"2457064,""2015/02/10"",""Tue"",0.88375,0.65571,6.2422,62.328\"
"2457065,""2015/02/11"",""Wed"",0.88536,0.65660,6.2426,62.426\"
"2457066,""2015/02/12"",""Thu"",0.87656,0.65025,6.2435,62.062\"
"2457067,""2015/02/13"",""Fri"",0.87663,0.64964,6.2401,62.028\"
"2457071,""2015/02/17"",""Tue"",0.87759,0.65159,6.2547,62.139\"
"2457072,""2015/02/18"",""Wed"",0.88177,0.64812,6.2557,62.244\"
"2457073,""2015/02/19"",""Thu"",0.87781,0.64728,6.2555,62.089\"
"2457074,""2015/02/20"",""Fri"",0.87947,0.65003,6.2561,62.188\"
"2457077,""2015/02/23"",""Mon"",0.88151,0.64672,6.2556,62.154\"
"2457078,""2015/02/24"",""Tue"",0.88455,0.64797,6.2546,62.084\"
"2457079,""2015/02/25"",""Wed"",0.88009,0.64528,6.2596,61.848\"
"2457080,""2015/02/26"",""Thu"",0.89195,0.64833,6.2575,61.740\"
"2457081,""2015/02/27"",""Fri"",0.89305,0.64771,6.2697,61.677\"
"2457084,""2015/03/02"",""Mon"",0.89376,0.65059,6.2738,61.871\"
"2457085,""2015/03/03"",""Tue"",0.89191,0.64976,6.2730,61.797\"
"2457086,""2015/03/04"",""Wed"",0.90341,0.65508,6.2702,62.325\"
"2457087,""2015/03/05"",""Thu"",0.90871,0.65671,6.2661,62.254\"
"2457088,""2015/03/06"",""Fri"",0.92135,0.66390,6.2610,62.456\"
"2457091,""2015/03/09"",""Mon"",0.92205,0.66243,6.2645,62.677\"
"2457092,""2015/03/10"",""Tue"",0.93398,0.66291,6.2633,62.726\"
"2457093,""2015/03/11"",""Wed"",0.94569,0.66915,6.2630,62.784\"
"2457094,""2015/03/12"",""Thu"",0.94210,0.67088,6.2610,62.425\"
"2457095,""2015/03/13"",""Fri"",0.95027,0.67777,6.2606,63.069\"
"2457098,""2015/03/16"",""Mon"",0.94570,0.67568,6.2635,62.820\"
"2457099,""2015/03/17"",""Tue"",0.94299,0.67830,6.2501,62.655\"
"2457100,""2015/03/18"",""Wed"",0.93967,0.68098,6.2298,62.695\"
"2457101,""2015/03/19"",""Thu"",0.94156,0.67906,6.1954,62.563\"
"2457102,""2015/03/20"",""Fri"",0.92672,0.67016,6.2044,62.413\"
"2457105,""2015/03/23"",""Mon"",0.91518,0.66956,6.2145,62.238\"
"2457106,""2015/03/24"",""Tue"",0.91696,0.67260,6.2059,62.399\"
"2457107,""2015/03/25"",""Wed"",0.91023,0.67047,6.2130,62.378\"
"2457108,""2015/03/26"",""Thu"",0.91591,0.67378,6.2107,62.826\"
"2457109,""2015/03/27"",""Fri"",0.91818,0.67212,6.2154,62.525\"
"2457112,""2015/03/30"",""Mon"",0.92445,0.67621,6.2079,62.538\"
"2457113,""2015/03/31"",""Tue"",0.93100,0.67341,6.1989,62.324\"
"2457114,""2015/04/01"",""Wed"",0.92879,0.67465,6.1975,62.159\"
"2457115,""2015/04/02"",""Thu"",0.91948,0.67379,6.1964,62.148\"
"2457119,""2015/04/06"",""Mon"",0.90857,0.66853,6.1950,62.167\"
"2457120,""2015/04/07"",""Tue"",0.92169,0.67313,6.1975,62.253\"
"2457121,""2015/04/08"",""Wed"",0.92440,0.67017,6.2013,62.229\"
"2457122,""2015/04/09"",""Thu"",0.93720,0.67857,6.2062,62.185\"
"2457123,""2015/04/10"",""Fri"",0.94366,0.68277,6.2075,62.228\"
"2457126,""2015/04/13"",""Mon"",0.94510,0.68237,6.2171,62.355\"
"2457127,""2015/04/14"",""Tue"",0.93693,0.67624,6.2111,62.266\"
"2457128,""2015/04/15"",""Wed"",0.94374,0.67660,6.2050,62.363\"
"2457129,""2015/04/16"",""Thu"",0.93097,0.67014,6.1959,62.276\"
"2457130,""2015/04/17"",""Fri"",0.92763,0.66928,6.1982,62.520\"
"2457133,""2015/04/20"",""Mon"",0.92912,0.67055,6.2012,63.070\"
"2457134,""2015/04/21"",""Tue"",0.92964,0.66918,6.2021,62.976\"
"2457135,""2015/04/22"",""Wed"",0.93220,0.66562,6.1931,62.950\"
"2457136,""2015/04/23"",""Thu"",0.92577,0.66464,6.1974,63.266\"
"2457137,""2015/04/24"",""Fri"",0.91951,0.65897,6.1945,63.563\"
"2457140,""2015/04/27"",""Mon"",0.91816,0.65645,6.2205,63.344\"
"2457141,""2015/04/28"",""Tue"",0.91089,0.65250,6.2028,63.036\"
"2457142,""2015/04/29"",""Wed"",0.89503,0.64592,6.2002,63.349\"
"2457143,""2015/04/30"",""Thu"",0.89591,0.65247,6.2021,63.583\"
"2457144,""2015/05/01"",""Fri"",0.89332,0.66067,6.2014,63.633\"
"2457147,""2015/05/04"",""Mon"",0.89724,0.66159,6.2076,63.575\"
"2457148,""2015/05/05"",""Tue"",0.89497,0.65897,6.2062,63.335\"
"2457149,""2015/05/06"",""Wed"",0.88139,0.65598,6.1998,63.573\"
"2457150,""2015/05/07"",""Thu"",0.88632,0.65691,6.2060,64.092\"
"2457151,""2015/05/08"",""Fri"",0.88974,0.64714,6.2085,63.755\"
"2457154,""2015/05/11"",""Mon"",0.89753,0.64132,6.2109,63.946\"
"2457155,""2015/05/12"",""Tue"",0.88984,0.63764,6.2077,64.205\"
"2457156,""2015/05/13"",""Wed"",0.87933,0.63502,6.2051,63.875\"
"2457157,""2015/05/14"",""Thu"",0.87970,0.63426,6.2006,63.450\"
"2457158,""2015/05/15"",""Fri"",0.87505,0.63404,6.2067,63.377\"
"2457162,""2015/05/19"",""Tue"",0.89688,0.64428,6.2079,63.832\"
"2457163,""2015/05/20"",""Wed"",0.90259,0.64341,6.2021,63.737\"
"2457164,""2015/05/21"",""Thu"",0.89878,0.63813,6.1965,63.514\"
"2457165,""2015/05/22"",""Fri"",0.90639,0.64585,6.1967,63.438\"
"2457168,""2015/05/25"",""Mon"",0.91148,0.64666,6.2016,63.488\"
"2457169,""2015/05/26"",""Tue"",0.91945,0.64949,6.2026,63.875\"
"2457170,""2015/05/27"",""Wed"",0.91862,0.65267,6.2022,63.927\"
"2457171,""2015/05/28"",""Thu"",0.91635,0.65403,6.2013,63.821\"
"2457172,""2015/05/29"",""Fri"",0.90952,0.65433,6.1984,63.694\"
"2457175,""2015/06/01"",""Mon"",0.91639,0.65848,6.2006,63.609\"
"2457176,""2015/06/02"",""Tue"",0.89859,0.65233,6.1991,63.708\"
"2457177,""2015/06/03"",""Wed"",0.88626,0.65154,6.1963,64.004\"
"2457178,""2015/06/04"",""Thu"",0.88728,0.65079,6.2013,63.952\"
"2457179,""2015/06/05"",""Fri"",0.90024,0.65497,6.2042,63.784\"
"2457182,""2015/06/08"",""Mon"",0.89038,0.65447,6.2051,64.032\"
"2457183,""2015/06/09"",""Tue"",0.88643,0.65011,6.2050,63.984\"
"2457184,""2015/06/10"",""Wed"",0.88443,0.64397,6.2049,63.791\"
"2457185,""2015/06/11"",""Thu"",0.88993,0.64549,6.2066,63.936\"
"2457186,""2015/06/12"",""Fri"",0.88671,0.64160,6.2079,64.017\"
"2457189,""2015/06/15"",""Mon"",0.88763,0.64222,6.2081,64.049\"
"2457190,""2015/06/16"",""Tue"",0.88993,0.63956,6.2085,64.219\"
"2457191,""2015/06/17"",""Wed"",0.89046,0.63673,6.2099,64.138\"
"2457192,""2015/06/18"",""Thu"",0.87696,0.62969,6.2069,63.655\"
"2457193,""2015/06/19"",""Fri"",0.88224,0.62982,6.2109,63.425\"
"2457196,""2015/06/22"",""Mon"",0.87872,0.63200,6.2092,63.438\"
"2457197,""2015/06/23"",""Tue"",0.89378,0.63495,6.2070,63.574\"
"2457198,""2015/06/24"",""Wed"",0.89465,0.63775,6.2075,63.536\"
"2457199,""2015/06/25"",""Thu"",0.89335,0.63592,6.2108,63.513\"
"2457200,""2015/06/26"",""Fri"",0.89649,0.63539,6.2106,63.542\"
"2457203,""2015/06/29"",""Mon"",0.89446,0.63442,6.2096,63.726\"
"2457204,""2015/06/30"",""Tue"",0.89670,0.63597,6.1998,63.610\"
"2457206,""2015/07/02"",""Thu"",0.90169,0.64050,6.2054,63.369\"
"2457207,""2015/07/03"",""Fri"",0.90121,0.64213,6.2048,63.426\"
"2457210,""2015/07/06"",""Mon"",0.90295,0.64023,6.2105,63.257\"
"2457211,""2015/07/07"",""Tue"",0.91313,0.64732,6.2086,63.509\"
"2457212,""2015/07/08"",""Wed"",0.90317,0.65138,6.2089,63.483\"
"2457213,""2015/07/09"",""Thu"",0.90714,0.65043,6.2093,63.328\"
"2457214,""2015/07/10"",""Fri"",0.89688,0.64510,6.2085,63.353\"
"2457217,""2015/07/13"",""Mon"",0.90749,0.64445,6.2072,63.429\"
"2457218,""2015/07/14"",""Tue"",0.90785,0.64170,6.2094,63.297\"
"2457219,""2015/07/15"",""Wed"",0.91208,0.64019,6.2078,63.510\"
"2457220,""2015/07/16"",""Thu"",0.91766,0.64105,6.2087,63.426\"
"2457221,""2015/07/17"",""Fri"",0.92184,0.64007,6.2102,63.467\"
"2457224,""2015/07/20"",""Mon"",0.92169,0.64159,6.2085,63.606\"
"2457225,""2015/07/21"",""Tue"",0.91520,0.64310,6.2104,63.597\"
"2457226,""2015/07/22"",""Wed"",0.91881,0.64041,6.2088,63.604\"
"2457227,""2015/07/23"",""Thu"",0.91119,0.64381,6.2107,63.873\"
"2457228,""2015/07/24"",""Fri"",0.91112,0.64462,6.2102,64.051\"
"2457231,""2015/07/27"",""Mon"",0.89990,0.64128,6.2095,64.210\"
"2457232,""2015/07/28"",""Tue"",0.90460,0.64039,6.2093,63.777\"
"2457233,""2015/07/29"",""Wed"",0.90713,0.64010,6.2075,63.827\"
"2457234,""2015/07/30"",""Thu"",0.91623,0.64180,6.2088,64.104\"
"2457235,""2015/07/31"",""Fri"",0.90680,0.63968,6.2099,63.862\"
"2457239,""2015/08/04"",""Tue"",0.91298,0.64059,6.2086,63.714\"
"2457240,""2015/08/05"",""Wed"",0.92015,0.64085,6.2096,63.748\"
"2457241,""2015/08/06"",""Thu"",0.91569,0.64436,6.2096,63.659\"
"2457242,""2015/08/07"",""Fri"",0.91277,0.64666,6.2101,63.761\"
"2457245,""2015/08/10"",""Mon"",0.90957,0.64331,6.2083,63.781\"
"2457246,""2015/08/11"",""Tue"",0.90576,0.64221,6.3242,64.356\"
"2457247,""2015/08/12"",""Wed"",0.89309,0.63944,6.3875,64.800\"
"2457248,""2015/08/13"",""Thu"",0.89729,0.64120,6.3982,65.292\"
"2457249,""2015/08/14"",""Fri"",0.90019,0.64007,6.3920,65.032\"
"2457252,""2015/08/17"",""Mon"",0.90289,0.64121,6.3952,65.390\"
"2457253,""2015/08/18"",""Tue"",0.90697,0.63871,6.3927,65.431\"
"2457254,""2015/08/19"",""Wed"",0.90413,0.63926,6.3970,65.173\"
"2457255,""2015/08/20"",""Thu"",0.89295,0.63749,6.3898,65.498\"
"2457256,""2015/08/21"",""Fri"",0.88059,0.63710,6.3892,66.042\"
"2457259,""2015/08/24"",""Mon"",0.86371,0.63573,6.4048,66.800\"
"2457260,""2015/08/25"",""Tue"",0.87641,0.63706,6.4139,66.084\"
"2457261,""2015/08/26"",""Wed"",0.87809,0.64553,6.4111,66.118\"
"2457262,""2015/08/27"",""Thu"",0.89001,0.64898,6.4063,66.018\"
"2457263,""2015/08/28"",""Fri"",0.89516,0.65098,6.3885,66.147\"
"2457266,""2015/08/31"",""Mon"",0.89339,0.65096,6.3756,66.414\"
"2457267,""2015/09/01"",""Tue"",0.88783,0.65188,6.3636,66.360\"
"2457268,""2015/09/02"",""Wed"",0.88965,0.65320,6.3567,66.191\"
"2457269,""2015/09/03"",""Thu"",0.90071,0.65569,6.3548,66.094\"
"2457270,""2015/09/04"",""Fri"",0.89956,0.65816,6.3568,66.699\"
"2457274,""2015/09/08"",""Tue"",0.89439,0.65019,6.3682,66.373\"
"2457275,""2015/09/09"",""Wed"",0.89569,0.65093,6.3787,66.481\"
"2457276,""2015/09/10"",""Thu"",0.88790,0.64694,6.3768,66.460\"
"2457277,""2015/09/11"",""Fri"",0.88213,0.64824,6.3735,66.413\"
"2457280,""2015/09/14"",""Mon"",0.88449,0.64842,6.3676,66.317\"
"2457281,""2015/09/15"",""Tue"",0.88817,0.65142,6.3703,66.381\"
"2457282,""2015/09/16"",""Wed"",0.88473,0.64525,6.3723,66.455\"
"2457283,""2015/09/17"",""Thu"",0.88408,0.64482,6.3670,66.128\"
"2457284,""2015/09/18"",""Fri"",0.88046,0.64223,6.3635,65.702\"
"2457287,""2015/09/21"",""Mon"",0.89256,0.64496,6.3702,65.659\"
"2457288,""2015/09/22"",""Tue"",0.89838,0.65120,6.3775,65.896\"
"2457289,""2015/09/23"",""Wed"",0.89603,0.65607,6.3830,66.079\"
"2457290,""2015/09/24"",""Thu"",0.88870,0.65565,6.3819,66.324\"
"2457291,""2015/09/25"",""Fri"",0.89364,0.65916,6.3725,66.129\"
"2457294,""2015/09/28"",""Mon"",0.89014,0.65759,6.3684,66.209\"
"2457295,""2015/09/29"",""Tue"",0.88934,0.65934,6.3629,65.912\"
"2457296,""2015/09/30"",""Wed"",0.89586,0.66163,6.3569,65.496\"
"2457297,""2015/10/01"",""Thu"",0.89286,0.65956,6.3572,65.587\"
"2457298,""2015/10/02"",""Fri"",0.88691,0.65725,6.3559,65.351\"
"2457301,""2015/10/05"",""Mon"",0.89299,0.65943,6.3550,65.132\"
"2457302,""2015/10/06"",""Tue"",0.88768,0.65677,6.3564,65.182\"
"2457303,""2015/10/07"",""Wed"",0.88910,0.65304,6.3559,64.856\"
"2457304,""2015/10/08"",""Thu"",0.88624,0.65296,6.3533,64.960\"
"2457305,""2015/10/09"",""Fri"",0.88002,0.65301,6.3461,64.762\"
"2457309,""2015/10/13"",""Tue"",0.87868,0.65616,6.3408,65.060\"
"2457310,""2015/10/14"",""Wed"",0.87444,0.64751,6.3482,64.878\"
"2457311,""2015/10/15"",""Thu"",0.87592,0.64623,6.3473,64.747\"
"2457312,""2015/10/16"",""Fri"",0.88033,0.64765,6.3522,64.697\"
"2457315,""2015/10/19"",""Mon"",0.88362,0.64641,6.3591,64.925\"
"2457316,""2015/10/20"",""Tue"",0.88037,0.64647,6.3474,64.967\"
"2457317,""2015/10/21"",""Wed"",0.88151,0.64675,6.3485,65.189\"
"2457318,""2015/10/22"",""Thu"",0.89761,0.64940,6.3565,64.921\"
"2457319,""2015/10/23"",""Fri"",0.90766,0.65192,6.3480,64.887\"
"2457322,""2015/10/26"",""Mon"",0.90498,0.65104,6.3541,64.827\"
"2457323,""2015/10/27"",""Tue"",0.90487,0.65310,6.3536,65.034\"
"2457324,""2015/10/28"",""Wed"",0.90389,0.65277,6.3578,64.864\"
"2457325,""2015/10/29"",""Thu"",0.91243,0.65389,6.3562,65.360\"
"2457326,""2015/10/30"",""Fri"",0.90565,0.64758,6.3172,65.415\"
"2457329,""2015/11/02"",""Mon"",0.90711,0.64824,6.3383,65.573\"
"2457330,""2015/11/03"",""Tue"",0.91363,0.64923,6.3375,65.596\"
"2457331,""2015/11/04"",""Wed"",0.92088,0.65030,6.3349,65.460\"
"2457332,""2015/11/05"",""Thu"",0.92006,0.65648,6.3455,65.868\"
"2457333,""2015/11/06"",""Fri"",0.93069,0.66361,6.3523,66.143\"
"2457336,""2015/11/09"",""Mon"",0.92878,0.66130,6.3608,66.408\"
"2457337,""2015/11/10"",""Tue"",0.93584,0.66189,6.3623,66.196\"
"2457339,""2015/11/12"",""Thu"",0.92874,0.65769,6.3700,66.040\"
"2457340,""2015/11/13"",""Fri"",0.93276,0.65759,6.3728,66.131\"
"2457343,""2015/11/16"",""Mon"",0.93397,0.65775,6.3707,66.039\"
"2457344,""2015/11/17"",""Tue"",0.94036,0.65733,6.3782,65.960\"
"2457345,""2015/11/18"",""Wed"",0.94002,0.65756,6.3859,66.137\"
"2457346,""2015/11/19"",""Thu"",0.93056,0.65249,6.3845,66.071\"
"2457347,""2015/11/20"",""Fri"",0.93817,0.65795,6.3849,66.062\"
"2457350,""2015/11/23"",""Mon"",0.94329,0.66117,6.3879,66.387\"
"2457351,""2015/11/24"",""Tue"",0.93877,0.66417,6.3889,66.341\"
"2457352,""2015/11/25"",""Wed"",0.94200,0.66201,6.3886,66.339\"
"2457353,""2015/11/26"",""Thu"",0.94279,0.66153,6.3881,66.567\"
"2457354,""2015/11/27"",""Fri"",0.94384,0.66497,6.3954,66.867\"
"2457357,""2015/11/30"",""Mon"",0.94688,0.66476,6.3978,66.432\"
"2457358,""2015/12/01"",""Tue"",0.94182,0.66343,6.3981,66.461\"
"2457359,""2015/12/02"",""Wed"",0.94577,0.66998,6.3985,66.534\"
"2457360,""2015/12/03"",""Thu"",0.91740,0.66281,6.3964,66.836\"
"2457361,""2015/12/04"",""Fri"",0.91881,0.66229,6.4009,66.658\"
"2457364,""2015/12/07"",""Mon"",0.92249,0.66339,6.4080,66.772\"
"2457365,""2015/12/08"",""Tue"",0.91956,0.66672,6.4179,66.796\"
"2457366,""2015/12/09"",""Wed"",0.91052,0.65937,6.4279,66.839\"
"2457367,""2015/12/10"",""Thu"",0.91348,0.65903,6.4389,66.694\"
"2457368,""2015/12/11"",""Fri"",0.90901,0.65739,6.4543,67.137\"
"2457371,""2015/12/14"",""Mon"",0.90713,0.66097,6.4596,67.088\"
"2457372,""2015/12/15"",""Tue"",0.91667,0.66473,6.4602,66.803\"
"2457373,""2015/12/16"",""Wed"",0.91436,0.66614,6.4721,66.594\"
"2457374,""2015/12/17"",""Thu"",0.92553,0.67228,6.4826,66.303\"
"2457375,""2015/12/18"",""Fri"",0.92202,0.67066,6.4809,66.231\"
"2457378,""2015/12/21"",""Mon"",0.91582,0.67089,6.4798,66.209\"
"2457379,""2015/12/22"",""Tue"",0.91105,0.67518,6.4786,66.202\"
"2457380,""2015/12/23"",""Wed"",0.91959,0.67285,6.4766,66.031\"
"2457381,""2015/12/24"",""Thu"",0.91296,0.66926,6.4787,66.023\"
"2457386,""2015/12/29"",""Tue"",0.91606,0.67597,6.4841,66.300\"
"2457387,""2015/12/30"",""Wed"",0.91644,0.67427,6.4909,66.431\"
"2457388,""2015/12/31"",""Thu"",0.92089,0.67820,6.4946,66.188\"
"2457392,""2016/01/04"",""Mon"",0.92565,0.68098,6.5367,66.582\"
"2457393,""2016/01/05"",""Tue"",0.93094,0.68212,6.5235,66.507\"
"2457394,""2016/01/06"",""Wed"",0.92927,0.68366,6.5568,66.717\"
"2457395,""2016/01/07"",""Thu"",0.92083,0.68597,6.5921,66.735\"
"2457396,""2016/01/08"",""Fri"",0.91872,0.68871,6.5972,66.813\"
"2457399,""2016/01/11"",""Mon"",0.91936,0.68673,6.5703,66.784\"
"2457400,""2016/01/12"",""Tue"",0.92289,0.69438,6.5736,66.874\"
"2457401,""2016/01/13"",""Wed"",0.92065,0.69117,6.5750,66.732\"
"2457402,""2016/01/14"",""Thu"",0.92064,0.69405,6.5901,67.384\"
"2457403,""2016/01/15"",""Fri"",0.91210,0.69987,6.5857,67.730\"
"2457406,""2016/01/18"",""Mon"",0.91869,0.70086,6.5791,67.663\"
"2457407,""2016/01/19"",""Tue"",0.91704,0.70569,6.5793,67.696\"
"2457408,""2016/01/20"",""Wed"",0.91686,0.70591,6.5776,68.046\"
"2457409,""2016/01/21"",""Thu"",0.92313,0.70440,6.5788,67.888\"
"2457410,""2016/01/22"",""Fri"",0.92484,0.69902,6.5788,67.547\"
"2457413,""2016/01/25"",""Mon"",0.92330,0.70203,6.5799,67.738\"
"2457414,""2016/01/26"",""Tue"",0.92210,0.69731,6.5833,67.769\"
"2457415,""2016/01/27"",""Wed"",0.92019,0.70120,6.5775,67.972\"
"2457416,""2016/01/28"",""Thu"",0.91300,0.69692,6.5762,68.084\"
"2457417,""2016/01/29"",""Fri"",0.92322,0.70506,6.5764,67.888\"
"2457420,""2016/02/01"",""Mon"",0.91843,0.69609,6.5787,67.924\"
"2457421,""2016/02/02"",""Tue"",0.91675,0.69453,6.5792,67.957\"
"2457422,""2016/02/03"",""Wed"",0.90473,0.68609,6.5777,67.939\"
"2457423,""2016/02/04"",""Thu"",0.89298,0.68599,6.5643,67.582\"
"2457424,""2016/02/05"",""Fri"",0.89847,0.69124,6.5732,67.787\"
"2457427,""2016/02/08"",""Mon"",0.89536,0.69366,6.5727,68.007\"
"2457428,""2016/02/09"",""Tue"",0.88363,0.69024,6.5747,67.878\"
"2457429,""2016/02/10"",""Wed"",0.89104,0.69101,6.5732,67.872\"
"2457430,""2016/02/11"",""Thu"",0.88014,0.69214,6.5739,68.486\"
"2457431,""2016/02/12"",""Fri"",0.89017,0.69168,6.5724,68.119\"
"2457435,""2016/02/16"",""Tue"",0.89773,0.69982,6.5162,68.512\"
"2457436,""2016/02/17"",""Wed"",0.89767,0.69848,6.5286,68.318\"
"2457437,""2016/02/18"",""Thu"",0.90157,0.69777,6.5183,68.536\"
"2457438,""2016/02/19"",""Fri"",0.89880,0.69727,6.5222,68.559\"
"2457441,""2016/02/22"",""Mon"",0.90767,0.70640,6.5229,68.528\"
"2457442,""2016/02/23"",""Tue"",0.90785,0.71229,6.5272,68.583\"
"2457443,""2016/02/24"",""Wed"",0.90733,0.71777,6.5304,68.522\"
"2457444,""2016/02/25"",""Thu"",0.90694,0.71768,6.5327,68.874\"
"2457445,""2016/02/26"",""Fri"",0.91484,0.72120,6.5413,68.836\"
"2457448,""2016/02/29"",""Mon"",0.92018,0.71820,6.5550,68.229\"
"2457449,""2016/03/01"",""Tue"",0.92189,0.71703,6.5528,67.746\"
"2457450,""2016/03/02"",""Wed"",0.92215,0.71143,6.5506,67.407\"
"2457451,""2016/03/03"",""Thu"",0.91353,0.70667,6.5304,67.169\"
"2457452,""2016/03/04"",""Fri"",0.90833,0.70302,6.5059,66.919\"
"2457455,""2016/03/07"",""Mon"",0.90879,0.70160,6.5169,66.974\"
"2457456,""2016/03/08"",""Tue"",0.90693,0.70306,6.5058,67.315\"
"2457457,""2016/03/09"",""Wed"",0.90738,0.70255,6.5138,67.086\"
"2457458,""2016/03/10"",""Thu"",0.89619,0.69932,6.5075,67.201\"
"2457459,""2016/03/11"",""Fri"",0.89460,0.69330,6.4938,66.945\"
"2457462,""2016/03/14"",""Mon"",0.90043,0.69823,6.5002,67.170\"
"2457463,""2016/03/15"",""Tue"",0.89990,0.70593,6.5134,67.334\"
"2457464,""2016/03/16"",""Wed"",0.90296,0.70924,6.5212,67.247\"
"2457465,""2016/03/17"",""Thu"",0.88369,0.69016,6.4758,66.619\"
"2457466,""2016/03/18"",""Fri"",0.88560,0.68896,6.4716,66.336\"
"2457469,""2016/03/21"",""Mon"",0.88808,0.69438,6.4859,66.441\"
"2457470,""2016/03/22"",""Tue"",0.89073,0.70341,6.4898,66.587\"
"2457471,""2016/03/23"",""Wed"",0.89488,0.70870,6.5071,66.851\"
"2457472,""2016/03/24"",""Thu"",0.89583,0.70708,6.5140,66.813\"
"2457476,""2016/03/28"",""Mon"",0.89220,0.70184,6.5074,66.586\"
"2457477,""2016/03/29"",""Tue"",0.89264,0.70028,6.5054,66.468\"
"2457478,""2016/03/30"",""Wed"",0.88261,0.69498,6.4648,66.370\"
"2457479,""2016/03/31"",""Thu"",0.87790,0.69542,6.4500,66.246\"
"2457480,""2016/04/01"",""Fri"",0.87835,0.70406,6.4781,66.363\"
"2457483,""2016/04/04"",""Mon"",0.87826,0.70045,6.4791,66.072\"
"2457484,""2016/04/05"",""Tue"",0.87882,0.70674,6.4781,66.415\"
"2457485,""2016/04/06"",""Wed"",0.87507,0.70614,6.4802,66.516\"
"2457486,""2016/04/07"",""Thu"",0.87829,0.71009,6.4620,66.716\"
"2457487,""2016/04/08"",""Fri"",0.87680,0.70906,6.4652,66.505\"
"2457490,""2016/04/11"",""Mon"",0.87641,0.70233,6.4597,66.357\"
"2457491,""2016/04/12"",""Tue"",0.87761,0.70208,6.4641,66.385\"
"2457492,""2016/04/13"",""Wed"",0.88655,0.70313,6.4770,66.625\"
"2457493,""2016/04/14"",""Thu"",0.88787,0.70683,6.4828,66.577\"
"2457494,""2016/04/15"",""Fri"",0.88548,0.70343,6.4743,66.518\"
"2457497,""2016/04/18"",""Mon"",0.88324,0.70054,6.4755,66.433\"
"2457498,""2016/04/19"",""Tue"",0.87907,0.69470,6.4571,66.123\"
"2457499,""2016/04/20"",""Wed"",0.88276,0.69574,6.4721,66.144\"
"2457500,""2016/04/21"",""Thu"",0.88497,0.69751,6.4814,66.475\"
"2457501,""2016/04/22"",""Fri"",0.88978,0.69511,6.4995,66.600\"
"2457504,""2016/04/25"",""Mon"",0.88708,0.69007,6.4926,66.632\"
"2457505,""2016/04/26"",""Tue"",0.88352,0.68443,6.4920,66.424\"
"2457506,""2016/04/27"",""Wed"",0.88326,0.68713,6.4961,66.535\"
"2457507,""2016/04/28"",""Thu"",0.88307,0.68576,6.4760,66.406\"
"2457508,""2016/04/29"",""Fri"",0.87413,0.68380,6.4752,66.397\"
"2457511,""2016/05/02"",""Mon"",0.86837,0.68196,6.4747,66.392\"
"2457512,""2016/05/03"",""Tue"",0.86908,0.68770,6.4923,66.523\"
"2457513,""2016/05/04"",""Wed"",0.87060,0.69091,6.4940,66.653\"
"2457514,""2016/05/05"",""Thu"",0.87698,0.69035,6.5046,66.527\"
"2457515,""2016/05/06"",""Fri"",0.87564,0.69263,6.4995,66.534\"
"2457518,""2016/05/09"",""Mon"",0.87702,0.69405,6.5166,66.704\"
"2457519,""2016/05/10"",""Tue"",0.87834,0.69192,6.5186,66.593\"
"2457520,""2016/05/11"",""Wed"",0.87379,0.69063,6.4927,66.542\"
"2457521,""2016/05/12"",""Thu"",0.87870,0.69200,6.5170,66.691\"
"2457522,""2016/05/13"",""Fri"",0.88545,0.69600,6.5321,66.839\"
"2457525,""2016/05/16"",""Mon"",0.88279,0.69401,6.5218,66.807\"
"2457526,""2016/05/17"",""Tue"",0.88205,0.69048,6.5208,66.762\"
"2457527,""2016/05/18"",""Wed"",0.88688,0.68431,6.5392,66.950\"
"2457528,""2016/05/19"",""Thu"",0.89176,0.68459,6.5482,67.573\"
"2457529,""2016/05/20"",""Fri"",0.89227,0.68912,6.5483,67.433\"
"2457533,""2016/05/24"",""Tue"",0.89733,0.68394,6.5557,67.619\"
"2457534,""2016/05/25"",""Wed"",0.89664,0.68071,6.5548,67.301\"
"2457535,""2016/05/26"",""Thu"",0.89419,0.68156,6.5561,66.912\"
"2457536,""2016/05/27"",""Fri"",0.89775,0.68286,6.5639,66.957\"
"2457539,""2016/05/30"",""Mon"",0.89797,0.68343,6.5832,67.152\"
"2457540,""2016/05/31"",""Tue"",0.89812,0.68828,6.5829,67.111\"
"2457541,""2016/06/01"",""Wed"",0.89585,0.69481,6.5751,67.445\"
"2457542,""2016/06/02"",""Thu"",0.89638,0.69364,6.5861,67.215\"
"2457543,""2016/06/03"",""Fri"",0.88280,0.68880,6.5659,66.984\"
"2457546,""2016/06/06"",""Mon"",0.88085,0.69215,6.5625,66.819\"
"2457547,""2016/06/07"",""Tue"",0.88115,0.68670,6.5719,66.644\"
"2457548,""2016/06/08"",""Wed"",0.87715,0.68748,6.5641,66.536\"
"2457549,""2016/06/09"",""Thu"",0.88275,0.69126,6.5624,66.689\"
"2457550,""2016/06/10"",""Fri"",0.88654,0.69737,6.5616,66.856\"
"2457553,""2016/06/13"",""Mon"",0.88643,0.70324,6.5870,67.185\"
"2457554,""2016/06/14"",""Tue"",0.89256,0.70794,6.5956,67.375\"
"2457555,""2016/06/15"",""Wed"",0.88988,0.70514,6.5821,67.086\"
"2457556,""2016/06/16"",""Thu"",0.89629,0.71057,6.5930,67.430\"
"2457557,""2016/06/17"",""Fri"",0.88851,0.70016,6.5872,67.108\"
"2457560,""2016/06/20"",""Mon"",0.88361,0.68086,6.5778,67.512\"
"2457561,""2016/06/21"",""Tue"",0.88804,0.68181,6.5902,67.748\"
"2457562,""2016/06/22"",""Wed"",0.88597,0.68119,6.5777,67.509\"
"2457563,""2016/06/23"",""Thu"",0.87945,0.67564,6.5766,67.328\"
"2457564,""2016/06/24"",""Fri"",0.89901,0.73353,6.6217,67.811\"
"2457567,""2016/06/27"",""Mon"",0.90725,0.75670,6.6521,67.938\"
"2457568,""2016/06/28"",""Tue"",0.90476,0.75234,6.6480,67.859\"
"2457569,""2016/06/29"",""Wed"",0.89953,0.74027,6.6382,67.451\"
"2457570,""2016/06/30"",""Thu"",0.90630,0.75524,6.6474,67.509\"
"2457574,""2016/07/04"",""Mon"",0.89737,0.75195,6.6653,67.281\"
"2457575,""2016/07/05"",""Tue"",0.90262,0.76812,6.6782,67.408\"
"2457576,""2016/07/06"",""Wed"",0.90287,0.77411,6.6933,67.453\"
"2457577,""2016/07/07"",""Thu"",0.90380,0.77369,6.6824,67.484\"
"2457578,""2016/07/08"",""Fri"",0.90609,0.77314,6.6870,67.179\"
"2457581,""2016/07/11"",""Mon"",0.90556,0.77018,6.6940,67.111\"
"2457582,""2016/07/12"",""Tue"",0.90307,0.75573,6.6886,67.058\"
"2457583,""2016/07/13"",""Wed"",0.90003,0.75876,6.6864,67.003\"
"2457584,""2016/07/14"",""Thu"",0.90031,0.75017,6.6848,66.813\"
"2457585,""2016/07/15"",""Fri"",0.90431,0.75806,6.6881,67.089\"
"2457588,""2016/07/18"",""Mon"",0.90286,0.75318,6.7031,67.170\"
"2457589,""2016/07/19"",""Tue"",0.90794,0.76193,6.6953,67.194\"
"2457590,""2016/07/20"",""Wed"",0.90865,0.75902,6.6769,67.182\"
"2457591,""2016/07/21"",""Thu"",0.90781,0.75666,6.6753,67.166\"
"2457592,""2016/07/22"",""Fri"",0.91172,0.76408,6.6792,67.200\"
"2457595,""2016/07/25"",""Mon"",0.91081,0.76168,6.6793,67.440\"
"2457596,""2016/07/26"",""Tue"",0.91052,0.76159,6.6712,67.358\"
"2457597,""2016/07/27"",""Wed"",0.91009,0.76376,6.6700,67.141\"
"2457598,""2016/07/28"",""Thu"",0.90138,0.76044,6.6549,67.023\"
"2457599,""2016/07/29"",""Fri"",0.89530,0.75360,6.6366,66.774\"
"2457603,""2016/08/02"",""Tue"",0.89095,0.75047,6.6273,66.645\"
"2457604,""2016/08/03"",""Wed"",0.89528,0.75000,6.6329,66.803\"
"2457605,""2016/08/04"",""Thu"",0.89828,0.76098,6.6420,66.761\"
"2457606,""2016/08/05"",""Fri"",0.90255,0.76521,6.6566,66.870\"
"2457609,""2016/08/08"",""Mon"",0.90177,0.76584,6.6518,66.754\"
"2457610,""2016/08/09"",""Tue"",0.90015,0.76869,6.6550,66.753\"
"2457611,""2016/08/10"",""Wed"",0.89519,0.76941,6.6395,66.735\"
"2457612,""2016/08/11"",""Thu"",0.89543,0.77165,6.6261,66.737\"
"2457613,""2016/08/12"",""Fri"",0.89510,0.77330,6.6351,66.830\"
"2457616,""2016/08/15"",""Mon"",0.89308,0.77680,6.6369,66.850\"
"2457617,""2016/08/16"",""Tue"",0.88679,0.76820,6.6265,66.850\"
"2457618,""2016/08/17"",""Wed"",0.88795,0.76857,6.6349,66.970\"
"2457619,""2016/08/18"",""Thu"",0.88237,0.76064,6.6329,66.850\"
"2457620,""2016/08/19"",""Fri"",0.88290,0.76573,6.6519,67.143\"
"2457623,""2016/08/22"",""Mon"",0.88396,0.76152,6.6506,67.196\"
"2457624,""2016/08/23"",""Tue"",0.88436,0.75885,6.6402,67.093\"
"2457625,""2016/08/24"",""Wed"",0.88837,0.75566,6.6598,67.151\"
"2457626,""2016/08/25"",""Thu"",0.88701,0.75895,6.6583,67.031\"
"2457627,""2016/08/26"",""Fri"",0.88983,0.75949,6.6703,66.979\"
"2457630,""2016/08/29"",""Mon"",0.89435,0.76407,6.6764,67.178\"
"2457631,""2016/08/30"",""Tue"",0.89684,0.76432,6.6817,67.160\"
"2457632,""2016/08/31"",""Wed"",0.89718,0.76178,6.6789,66.959\"
"2457633,""2016/09/01"",""Thu"",0.89333,0.75345,6.6702,66.872\"
"2457634,""2016/09/02"",""Fri"",0.89630,0.75200,6.6799,66.627\"
"2457638,""2016/09/06"",""Tue"",0.89002,0.74474,6.6752,66.304\"
"2457639,""2016/09/07"",""Wed"",0.88992,0.74975,6.6641,66.401\"
"2457640,""2016/09/08"",""Thu"",0.88832,0.75192,6.6644,66.541\"
"2457641,""2016/09/09"",""Fri"",0.89176,0.75431,6.6767,66.767\"
"2457644,""2016/09/12"",""Mon"",0.89050,0.75125,6.6788,66.788\"
"2457645,""2016/09/13"",""Tue"",0.88960,0.75860,6.6804,67.042\"
"2457646,""2016/09/14"",""Wed"",0.88725,0.75742,6.6746,66.780\"
"2457647,""2016/09/15"",""Thu"",0.88938,0.75682,6.6731,66.867\"
"2457648,""2016/09/16"",""Fri"",0.89616,0.76402,6.6732,67.105\"
"2457651,""2016/09/19"",""Mon"",0.89454,0.76629,6.6672,66.943\"
"2457652,""2016/09/20"",""Tue"",0.89512,0.77082,6.6707,66.977\"
"2457653,""2016/09/21"",""Wed"",0.89579,0.77061,6.6731,67.002\"
"2457654,""2016/09/22"",""Thu"",0.89058,0.76394,6.6661,66.627\"
"2457655,""2016/09/23"",""Fri"",0.89103,0.77173,6.6692,66.658\"
"2457658,""2016/09/26"",""Mon"",0.88749,0.77058,6.6685,66.584\"
"2457659,""2016/09/27"",""Tue"",0.89218,0.76907,6.6707,66.506\"
"2457660,""2016/09/28"",""Wed"",0.89286,0.76953,6.6744,66.509\"
"2457661,""2016/09/29"",""Thu"",0.88929,0.76983,6.6672,66.740\"
"2457662,""2016/09/30"",""Fri"",0.88983,0.76847,6.6685,66.719\"
"2457665,""2016/10/03"",""Mon"",0.89197,0.77886,6.6719,66.550\"
"2457666,""2016/10/04"",""Tue"",0.89185,0.78454,6.6717,66.482\"
"2457667,""2016/10/05"",""Wed"",0.89336,0.78469,6.6724,66.556\"
"2457668,""2016/10/06"",""Thu"",0.89626,0.79088,6.6717,66.717\"
"2457669,""2016/10/07"",""Fri"",0.89638,0.80460,6.6720,66.620\"
"2457673,""2016/10/11"",""Tue"",0.90406,0.81859,6.7203,66.830\"
"2457674,""2016/10/12"",""Wed"",0.90808,0.82018,6.7191,66.853\"
"2457675,""2016/10/13"",""Thu"",0.90597,0.81948,6.7272,66.864\"
"2457676,""2016/10/14"",""Fri"",0.91034,0.82049,6.7287,66.673\"
"2457679,""2016/10/17"",""Mon"",0.90914,0.82066,6.7374,66.792\"
"2457680,""2016/10/18"",""Tue"",0.90937,0.81240,6.7407,66.721\"
"2457681,""2016/10/19"",""Wed"",0.91198,0.81445,6.7388,66.668\"
"2457682,""2016/10/20"",""Thu"",0.91462,0.81620,6.7440,66.825\"
"2457683,""2016/10/21"",""Fri"",0.92029,0.81908,6.7669,66.955\"
"2457686,""2016/10/24"",""Mon"",0.91850,0.81944,6.7753,66.906\"
"2457687,""2016/10/25"",""Tue"",0.91838,0.82227,6.7823,66.804\"
"2457688,""2016/10/26"",""Wed"",0.91620,0.81748,6.7714,66.833\"
"2457689,""2016/10/27"",""Thu"",0.91716,0.82158,6.7846,66.863\"
"2457690,""2016/10/28"",""Fri"",0.91459,0.82283,6.7807,66.791\"
"2457693,""2016/10/31"",""Mon"",0.91227,0.81880,6.7760,66.748\"
"2457694,""2016/11/01"",""Tue"",0.90552,0.81839,6.7673,66.695\"
"2457695,""2016/11/02"",""Wed"",0.89938,0.81206,6.7558,66.683\"
"2457696,""2016/11/03"",""Thu"",0.90141,0.80290,6.7640,66.697\"
"2457697,""2016/11/04"",""Fri"",0.89923,0.79715,6.7567,66.760\"
"2457700,""2016/11/07"",""Mon"",0.90603,0.80630,6.7762,66.748\"
"2457701,""2016/11/08"",""Tue"",0.90623,0.80825,6.7873,66.386\"
"2457702,""2016/11/09"",""Wed"",0.91323,0.80187,6.7786,66.508\"
"2457703,""2016/11/10"",""Thu"",0.91898,0.79861,6.8021,66.873\"
"2457707,""2016/11/14"",""Mon"",0.93264,0.80205,6.8458,67.774\"
"2457708,""2016/11/15"",""Tue"",0.93243,0.80507,6.8574,67.815\"
"2457709,""2016/11/16"",""Wed"",0.93465,0.80321,6.8800,68.101\"
"2457710,""2016/11/17"",""Thu"",0.93850,0.80336,6.8796,67.926\"
"2457711,""2016/11/18"",""Fri"",0.94341,0.81127,6.8869,68.140\"
"2457714,""2016/11/21"",""Mon"",0.94368,0.80173,6.8943,68.243\"
"2457715,""2016/11/22"",""Tue"",0.94172,0.80489,6.8908,68.417\"
"2457716,""2016/11/23"",""Wed"",0.94706,0.80284,6.9219,68.865\"
"2457717,""2016/11/24"",""Thu"",0.94719,0.80323,6.9200,68.776\"
"2457718,""2016/11/25"",""Fri"",0.94391,0.80245,6.9196,68.599\"
"2457721,""2016/11/28"",""Mon"",0.94566,0.80578,6.9077,68.582\"
"2457722,""2016/11/29"",""Tue"",0.94115,0.79961,6.8968,68.651\"
"2457723,""2016/11/30"",""Wed"",0.94536,0.80122,6.8851,68.570\"
"2457724,""2016/12/01"",""Thu"",0.94033,0.79399,6.8859,68.329\"
"2457725,""2016/12/02"",""Fri"",0.93754,0.78836,6.8866,68.055\"
"2457728,""2016/12/05"",""Mon"",0.93261,0.78696,6.8802,68.097\"
"2457729,""2016/12/06"",""Tue"",0.93311,0.78707,6.8814,67.726\"
"2457730,""2016/12/07"",""Wed"",0.92951,0.79349,6.8806,67.509\"
"2457731,""2016/12/08"",""Thu"",0.94106,0.79525,6.8788,67.420\"
"2457732,""2016/12/09"",""Fri"",0.94876,0.79435,6.9066,67.508\"
"2457735,""2016/12/12"",""Mon"",0.94281,0.78890,6.9085,67.419\"
"2457736,""2016/12/13"",""Tue"",0.94037,0.78837,6.9016,67.524\"
"2457737,""2016/12/14"",""Wed"",0.93850,0.78661,6.9068,67.470\"
"2457738,""2016/12/15"",""Thu"",0.96395,0.80719,6.9450,67.902\"
"2457739,""2016/12/16"",""Fri"",0.95654,0.80147,6.9614,67.809\"
"2457742,""2016/12/19"",""Mon"",0.95727,0.80521,6.9523,67.833\"
"2457743,""2016/12/20"",""Tue"",0.96238,0.80907,6.9496,68.012\"
"2457744,""2016/12/21"",""Wed"",0.95920,0.80992,6.9435,67.819\"
"2457745,""2016/12/22"",""Thu"",0.95674,0.81289,6.9494,67.849\"
"2457746,""2016/12/23"",""Fri"",0.95715,0.81630,6.9482,67.845\"
"2457751,""2016/12/28"",""Wed"",0.96258,0.81825,6.9589,68.223\"
"2457752,""2016/12/29"",""Thu"",0.95389,0.81740,6.9562,67.915\"
"2457753,""2016/12/30"",""Fri"",0.94763,0.81061,6.9570,67.916\"
"2457757,""2017/01/03"",""Tue"",0.96013,0.81596,6.9627,68.387\"
"2457758,""2017/01/04"",""Wed"",0.95461,0.81328,6.9343,67.891\"
"2457759,""2017/01/05"",""Thu"",0.94353,0.80566,6.8905,67.740\"
"2457760,""2017/01/06"",""Fri"",0.94704,0.81214,6.9194,68.124\"
"2457763,""2017/01/09"",""Mon"",0.94558,0.82201,6.9370,68.084\"
"2457764,""2017/01/10"",""Tue"",0.94593,0.82211,6.9224,68.258\"
"2457765,""2017/01/11"",""Wed"",0.95242,0.82540,6.9386,68.277\"
"2457766,""2017/01/12"",""Thu"",0.93766,0.81894,6.8924,67.996\"
"2457767,""2017/01/13"",""Fri"",0.94124,0.81976,6.9023,68.163\"
"2457770,""2017/01/16"",""Mon"",0.94338,0.83037,6.9025,68.096\"
"2457771,""2017/01/17"",""Tue"",0.93499,0.80747,6.8556,67.915\"
"2457772,""2017/01/18"",""Wed"",0.93613,0.81244,6.8381,68.133\"
"2457773,""2017/01/19"",""Thu"",0.94072,0.81180,6.8706,68.109\"
"2457774,""2017/01/20"",""Fri"",0.93640,0.81118,6.8758,68.056\"
"2457777,""2017/01/23"",""Mon"",0.93112,0.80093,6.8535,68.114\"
"2457778,""2017/01/24"",""Tue"",0.93039,0.79801,6.8607,68.110\"
"2457779,""2017/01/25"",""Wed"",0.93087,0.79247,6.8852,68.028\"
"2457780,""2017/01/26"",""Thu"",0.93727,0.79505,6.8823,68.179\"
"2457781,""2017/01/27"",""Fri"",0.93548,0.79810,6.8808,68.058\"
"2457784,""2017/01/30"",""Mon"",0.93635,0.80168,6.8802,67.804\"
"2457785,""2017/01/31"",""Tue"",0.92654,0.79471,6.8833,67.478\"
"2457786,""2017/02/01"",""Wed"",0.92968,0.79097,6.8817,67.469\"
"2457787,""2017/02/02"",""Thu"",0.92570,0.79739,6.8811,67.212\"
"2457788,""2017/02/03"",""Fri"",0.92667,0.79936,6.8695,67.169\"
"2457791,""2017/02/06"",""Mon"",0.93194,0.80329,6.8639,67.198\"
"2457792,""2017/02/07"",""Tue"",0.93542,0.80096,6.8829,67.350\"
"2457793,""2017/02/08"",""Wed"",0.93398,0.79739,6.8705,67.059\"
(C) 2017 Prof. Werner Antweiler, UBC\
}
